{"ASPEX_proton_count_mean": 0.9920728802680969, "MAG_B_x_max": 0.006291350349783897, "MAG_B_total_std": 0.0015415893867611885, "PAPA_value_std": 8.284719660878181e-05, "ASPEX_proton_count_max": 1.1220605301787145e-05, "SoLEXS_value_max": 1.1847693315303331e-07, "ASPEX_proton_alpha_ratio_std": 1.3053151892705728e-09, "ASPEX_proton_count_std": 3.202440257421557e-10, "MAG_B_z_std": 1.2211232025549634e-11, "ASPEX_proton_alpha_ratio_mean": 1.0531743879771405e-11, "PAPA_value_max": 9.836457820142086e-13, "SoLEXS_value_mean": 9.516279908181047e-13, "MAG_B_y_std": 4.268188721293781e-13, "MAG_B_x_mean": 4.046069848519934e-13, "MAG_B_y_mean": 3.954213801012074e-13, "ASPEX_proton_alpha_ratio_max": 5.29002949911238e-15, "ASPEX_alpha_count_std": 3.7677352291573814e-17, "MAG_B_total_mean": 1.5451662704957877e-17, "HEL1OS_value_std": 6.0247480712437444e-18, "HEL1OS_value_mean": 3.8424643593771317e-19, "SoLEXS_value_std": 1.821595043732286e-19, "MAG_B_x_std": 1.0623392719078451e-19, "MAG_B_z_max": 8.628530793919646e-22, "PAPA_value_mean": 6.321185327847689e-25, "HEL1OS_value_max": 7.855633433776715e-26, "MAG_B_y_max": 7.223675730008998e-26, "MAG_B_z_mean": 3.1898210852053705e-27, "ASPEX_alpha_count_mean": 2.1454418542516543e-27, "MAG_B_total_max": 1.512301430886558e-29, "ASPEX_alpha_count_max": 2.0058662051054408e-32}